rank	pairscore	value	hand	tank	bid	score
1	5	00050102061311	237AQ	1	157	157
2	5	00050102120306	23K47	2	759	1518
3	5	00050103081207	249K8	3	612	1836
4	5	00050105031306	264A7	4	341	1364
5	5	00050105040607	26578	5	10	50
6	5	00050105080213	2693A	6	800	4800
7	5	00050106091107	27TQ8	7	5	35
8	5	00050108091306	29TA7	8	347	2776
9	5	00050109030211	2T43Q	9	45	405
10	5	00050109111304	2TQA5	10	535	5350
11	5	00050111070209	2Q83T	11	963	10593
12	5	00050111100208	2QJ39	12	15	180
13	5	00050111101312	2QJAK	13	124	1612
14	5	00050112051107	2K6Q8	14	793	11102
15	5	00050203040112	3452K	15	452	6780
16	5	00050203050409	3465T	16	377	6032
17	5	00050204011103	352Q4	17	640	10880
18	5	00050204091113	35TQA	18	81	1458
19	5	00050205080313	3694A	19	523	9937
20	5	00050205100407	36J58	20	935	18700
21	5	00050205131209	36AKT	21	616	12936
22	5	00050206130704	37A85	22	142	3124
23	5	00050207040611	3857Q	23	520	11960
24	5	00050208030106	39427	24	694	16656
25	5	00050208041211	395KQ	25	1	25
26	5	00050209061103	3T7Q4	26	240	6240
27	5	00050210060705	3J786	27	521	14067
28	5	00050211050309	3Q64T	28	615	17220
29	5	00050302051310	436AJ	29	639	18531
30	5	00050306020512	4736K	30	59	1770
31	5	00050306100405	47J56	31	258	7998
32	5	00050307020510	4836J	32	588	18816
33	5	00050308050910	496TJ	33	571	18843
34	5	00050308111207	49QK8	34	853	29002
35	5	00050309071002	4T8J3	35	907	31745
36	5	00050309081110	4T9QJ	36	876	31536
37	5	00050310061302	4J7A3	37	884	32708
38	5	00050310070511	4J86Q	38	540	20520
39	5	00050311070204	4Q835	39	50	1950
40	5	00050311130902	4QAT3	40	655	26200
41	5	00050312130509	4KA6T	41	526	21566
42	5	00050313110809	4AQ9T	42	522	21924
43	5	00050402030501	53462	43	46	1978
44	5	00050402060512	5376K	44	671	29524
45	5	00050402100111	53J2Q	45	25	1125
46	5	00050403020706	54387	46	939	43194
47	5	00050405031210	564KJ	47	158	7426
48	5	00050405090107	56T28	48	752	36096
49	5	00050406030907	574T8	49	811	39739
50	5	00050406131103	57AQ4	50	880	44000
51	5	00050408050107	59628	51	777	39627
52	5	00050408071201	598K2	52	277	14404
53	5	00050409060712	5T78K	53	129	6837
54	5	00050412031108	5K4Q9	54	43	2322
55	5	00050412090508	5KT69	55	447	24585
56	5	00050502040701	63582	56	511	28616
57	5	00050502061309	637AT	57	109	6213
58	5	00050502080403	63954	58	496	28768
59	5	00050502100113	63J2A	59	647	38173
60	5	00050503081211	649KQ	60	702	42120
61	5	00050504060908	657T9	61	797	48617
62	5	00050504090110	65T2J	62	607	37634
63	5	00050506020103	67324	63	643	40509
64	5	00050506030213	6743A	64	376	24064
65	5	00050506110104	67Q25	65	374	24310
66	5	00050506131003	67AJ4	66	281	18546
67	5	00050507011310	682AJ	67	765	51255
68	5	00050508061303	697A4	68	438	29784
69	5	00050509041012	6T5JK	69	419	28911
70	5	00050512040713	6K58A	70	783	54810
71	5	00050512090604	6KT75	71	474	33654
72	5	00050513080211	6A93Q	72	901	64872
73	5	00050601040302	72543	73	487	35551
74	5	00050601071011	728JQ	74	236	17464
75	5	00050601101311	72JAQ	75	573	42975
76	5	00050605080111	7692Q	76	516	39216
77	5	00050605110208	76Q39	77	698	53746
78	5	00050605120309	76K4T	78	360	28080
79	5	00050607040513	7856A	79	186	14694
80	5	00050608010205	79236	80	830	66400
81	5	00050609030105	7T426	81	127	10287
82	5	00050611100209	7QJ3T	82	319	26158
83	5	00050612110709	7KQ8T	83	888	73704
84	5	00050612131104	7KAQ5	84	724	60816
85	5	00050613090810	7AT9J	85	354	30090
86	5	00050701060908	827T9	86	583	50138
87	5	00050702130503	83A64	87	653	56811
88	5	00050703060213	8473A	88	627	55176
89	5	00050704020312	8534K	89	693	61677
90	5	00050704031008	854J9	90	348	31320
91	5	00050705130603	86A74	91	723	65793
92	5	00050706040103	87524	92	98	9016
93	5	00050708021206	893K7	93	253	23529
94	5	00050708060502	89763	94	823	77362
95	5	00050708061003	897J4	95	730	69350
96	5	00050712081005	8K9J6	96	160	15360
97	5	00050713021112	8A3QK	97	812	78764
98	5	00050713090512	8AT6K	98	382	37436
99	5	00050804020512	9536K	99	630	62370
100	5	00050804060212	9573K	100	674	67400
101	5	00050804071312	958AK	101	230	23230
102	5	00050806020304	97345	102	947	96594
103	5	00050806100711	97J8Q	103	593	61079
104	5	00050807110913	98QTA	104	184	19136
105	5	00050809060710	9T78J	105	355	37275
106	5	00050809100212	9TJ3K	106	386	40916
107	5	00050810030511	9J46Q	107	786	84102
108	5	00050811040713	9Q58A	108	366	39528
109	5	00050813030104	9A425	109	952	103768
110	5	00050813050103	9A624	110	611	67210
111	5	00050901041205	T25K6	111	106	11766
112	5	00050901071312	T28AK	112	706	79072
113	5	00050901081107	T29Q8	113	753	85089
114	5	00050902060711	T378Q	114	156	17784
115	5	00050902080612	T397K	115	217	24955
116	5	00050902120307	T3K48	116	288	33408
117	5	00050902120804	T3K95	117	614	71838
118	5	00050902130708	T3A89	118	625	73750
119	5	00050903041107	T45Q8	119	306	36414
120	5	00050904121107	T5KQ8	120	745	89400
121	5	00050905040710	T658J	121	414	50094
122	5	00050905060708	T6789	122	886	108092
123	5	00050906030212	T743K	123	417	51291
124	5	00050906110704	T7Q85	124	862	106888
125	5	00050907011008	T82J9	125	291	36375
126	5	00050908020305	T9346	126	356	44856
127	5	00050910030705	TJ486	127	320	40640
128	5	00050911050102	TQ623	128	427	54656
129	5	00050911080312	TQ94K	129	991	127839
130	5	00050912051108	TK6Q9	130	801	104130
131	5	00050912111006	TKQJ7	131	678	88818
132	5	00050913100612	TAJ7K	132	68	8976
133	5	00050913101203	TAJK4	133	852	113316
134	5	00051001040809	J259T	134	927	124218
135	5	00051001111205	J2QK6	135	433	58455
136	5	00051002070801	J3892	136	550	74800
137	5	00051002080905	J39T6	137	669	91653
138	5	00051002081104	J39Q5	138	544	75072
139	5	00051005120711	J6K8Q	139	329	45731
140	5	00051007131202	J8AK3	140	161	22540
141	5	00051008040507	J9568	141	735	103635
142	5	00051008091201	J9TK2	142	737	104654
143	5	00051009031113	JT4QA	143	409	58487
144	5	00051013020904	JA3T5	144	781	112464
145	5	00051101030705	Q2486	145	814	118030
146	5	00051101091306	Q2TA7	146	513	74898
147	5	00051102040801	Q3592	147	649	95403
148	5	00051102050307	Q3648	148	36	5328
149	5	00051102090304	Q3T45	149	675	100575
150	5	00051104050103	Q5624	150	41	6150
151	5	00051105020413	Q635A	151	561	84711
152	5	00051106020803	Q7394	152	517	78584
153	5	00051108050704	Q9685	153	80	12240
154	5	00051110070213	QJ83A	154	897	138138
155	5	00051110080106	QJ927	155	154	23870
156	5	00051110120201	QJK32	156	349	54444
157	5	00051113021009	QA3JT	157	974	152918
158	5	00051113070602	QA873	158	435	68730
159	5	00051113100908	QAJT9	159	606	96354
160	5	00051113120304	QAK45	160	365	58400
161	5	00051201030407	K2458	161	22	3542
162	5	00051201090403	K2T54	162	229	37098
163	5	00051202090604	K3T75	163	368	59984
164	5	00051202090610	K3T7J	164	741	121524
165	5	00051203060711	K478Q	165	917	151305
166	5	00051205030113	K642A	166	16	2656
167	5	00051205040210	K653J	167	728	121576
168	5	00051206100703	K7J84	168	128	21504
169	5	00051206130210	K7A3J	169	825	139425
170	5	00051207130311	K8A4Q	170	659	112030
171	5	00051208031110	K94QJ	171	505	86355
172	5	00051208040513	K956A	172	223	38356
173	5	00051208110203	K9Q34	173	292	50516
174	5	00051209070813	KT89A	174	271	47154
175	5	00051210040701	KJ582	175	551	96425
176	5	00051210060704	KJ785	176	668	117568
177	5	00051211030205	KQ436	177	263	46551
178	5	00051211100302	KQJ43	178	792	140976
179	5	00051211100402	KQJ53	179	367	65693
180	5	00051213070810	KA89J	180	754	135720
181	5	00051301050206	A2637	181	503	91043
182	5	00051301070310	A284J	182	713	129766
183	5	00051301080410	A295J	183	700	128100
184	5	00051301091003	A2TJ4	184	846	155664
185	5	00051302111008	A3QJ9	185	688	127280
186	5	00051304021203	A53K4	186	506	94116
187	5	00051305021106	A63Q7	187	287	53669
188	5	00051305041209	A65KT	188	410	77080
189	5	00051305060911	A67TQ	189	990	187110
190	5	00051305120201	A6K32	190	926	175940
191	5	00051306101108	A7JQ9	191	925	176675
192	5	00051307011008	A82J9	192	775	148800
193	5	00051308110306	A9Q47	193	352	67936
194	5	00051309020701	AT382	194	749	145306
195	5	00051309070804	AT895	195	369	71955
196	5	00051311060305	AQ746	196	371	72716
197	5	00051311090403	AQT54	197	972	191484
198	5	00051312040501	AK562	198	510	100980
199	5	00051312060111	AK72Q	199	42	8358
200	9	00090101021207	223K8	200	181	36200
201	9	00090102100410	23J5J	201	148	29748
202	9	00090102130501	23A62	202	266	53732
203	9	00090105130413	26A5A	203	662	134386
204	9	00090107120404	28K55	204	270	55080
205	9	00090108130308	29A49	205	486	99630
206	9	00090109040906	2T5T7	206	286	58916
207	9	00090109090206	2TT37	207	344	71208
208	9	00090109100113	2TJ2A	208	92	19136
209	9	00090110060111	2J72Q	209	847	177023
210	9	00090111010712	2Q28K	210	361	75810
211	9	00090111011012	2Q2JK	211	874	184414
212	9	00090111050303	2Q644	212	232	49184
213	9	00090111060108	2Q729	213	591	125883
214	9	00090112010311	2K24Q	214	301	64414
215	9	00090112060113	2K72A	215	468	100620
216	9	00090113061304	2A7A5	216	807	174312
217	9	00090201110210	32Q3J	217	300	65100
218	9	00090202011305	332A6	218	423	92214
219	9	00090202091104	33TQ5	219	934	204546
220	9	00090203021207	343K8	220	624	137280
221	9	00090204040710	3558J	221	908	200668
222	9	00090204120207	35K38	222	763	169386
223	9	00090206020108	37329	223	295	65785
224	9	00090207030903	384T4	224	294	65856
225	9	00090208070505	39866	225	434	97650
226	9	00090209070609	3T87T	226	218	49268
227	9	00090209090511	3TT6Q	227	107	24289
228	9	00090210070101	3J822	228	134	30552
229	9	00090211050210	3Q63J	229	224	51296
230	9	00090212111002	3KQJ3	230	482	110860
231	9	00090213070607	3A878	231	762	176022
232	9	00090301021101	423Q2	232	769	178408
233	9	00090301090801	42T92	233	732	170556
234	9	00090301131010	42AJJ	234	873	204282
235	9	00090303040511	4456Q	235	911	214085
236	9	00090303041202	445K3	236	945	223020
237	9	00090303090108	44T29	237	892	211404
238	9	00090304071212	458KK	238	350	83300
239	9	00090305100603	46J74	239	380	90820
240	9	00090306020311	4734Q	240	454	108960
241	9	00090306070705	47886	241	580	139780
242	9	00090307010704	48285	242	172	41624
243	9	00090307040302	48543	243	743	180549
244	9	00090309090111	4TT2Q	244	646	157624
245	9	00090310010401	4J252	245	954	233730
246	9	00090310040406	4J557	246	975	239850
247	9	00090310050705	4J686	247	421	103987
248	9	00090311100103	4QJ24	248	331	82088
249	9	00090312030213	4K43A	249	455	113295
250	9	00090312080301	4K942	250	652	163000
251	9	00090312120605	4KK76	251	358	89858
252	9	00090403040510	5456J	252	87	21924
253	9	00090403091003	54TJ4	253	479	121187
254	9	00090404011103	552Q4	254	246	62484
255	9	00090405091212	56TKK	255	343	87465
256	9	00090406070505	57866	256	537	137472
257	9	00090406130602	57A73	257	861	221277
258	9	00090407031203	584K4	258	896	231168
259	9	00090408041002	595J3	259	180	46620
260	9	00090410070505	5J866	260	132	34320
261	9	00090410101211	5JJKQ	261	390	101790
262	9	00090410121208	5JKK9	262	816	213792
263	9	00090411051011	5Q6JQ	263	330	86790
264	9	00090411071011	5Q8JQ	264	833	219912
265	9	00090412120507	5KK68	265	234	62010
266	9	00090412131010	5KAJJ	266	707	188062
267	9	00090502060510	6376J	267	576	153792
268	9	00090504010507	65268	268	225	60300
269	9	00090504041302	655A3	269	536	144184
270	9	00090504090508	65T69	270	370	99900
271	9	00090506010107	67228	271	453	122763
272	9	00090506061204	677K5	272	879	239088
273	9	00090507020504	68365	273	76	20748
274	9	00090507061007	687J8	274	637	174538
275	9	00090508020402	69353	275	581	159775
276	9	00090508101105	69JQ6	276	328	90528
277	9	00090509010511	6T26Q	277	795	220215
278	9	00090509020510	6T36J	278	983	273274
279	9	00090509051312	6T6AK	279	589	164331
280	9	00090510051213	6J6KA	280	250	70000
281	9	00090510081305	6J9A6	281	661	185741
282	9	00090510120101	6JK22	282	889	250698
283	9	00090511111204	6QQK5	283	993	281019
284	9	00090511121305	6QKA6	284	635	180340
285	9	00090512080510	6K96J	285	418	119130
286	9	00090601021302	723A3	286	509	145574
287	9	00090601060910	727TJ	287	75	21525
288	9	00090601070808	72899	288	193	55584
289	9	00090601131106	72AQ7	289	308	89012
290	9	00090602130502	73A63	290	994	288260
291	9	00090603090307	74T48	291	248	72168
292	9	00090604100210	75J3J	292	923	269516
293	9	00090604120610	75K7J	293	393	115149
294	9	00090605080512	7696K	294	882	259308
295	9	00090606101309	77JAT	295	215	63425
296	9	00090606110207	77Q38	296	269	79624
297	9	00090606110508	77Q69	297	740	219780
298	9	00090607061201	787K2	298	436	129928
299	9	00090608010809	7929T	299	317	94783
300	9	00090608040403	79554	300	767	230100
301	9	00090609110607	7TQ78	301	214	64414
302	9	00090610080106	7J927	302	904	273008
303	9	00090610110810	7JQ9J	303	62	18786
304	9	00090610111105	7JQQ6	304	664	201856
305	9	00090610130602	7JA73	305	221	67405
306	9	00090611041010	7Q5JJ	306	209	63954
307	9	00090613070701	7A882	307	111	34077
308	9	00090702020501	83362	308	872	268576
309	9	00090702040409	8355T	309	378	116802
310	9	00090705031307	864A8	310	405	125550
311	9	00090705101205	86JK6	311	431	134041
312	9	00090707110603	88Q74	312	854	266448
313	9	00090707111002	88QJ3	313	237	74181
314	9	00090708030810	8949J	314	462	145068
315	9	00090708070511	8986Q	315	905	285075
316	9	00090709030507	8T468	316	203	64148
317	9	00090709080910	8T9TJ	317	602	190834
318	9	00090710051009	8J6JT	318	21	6678
319	9	00090710060807	8J798	319	191	60929
320	9	00090710081207	8J9K8	320	459	146880
321	9	00090712031003	8K4J4	321	780	250380
322	9	00090712090807	8KT98	322	868	279496
323	9	00090712091205	8KTK6	323	396	127908
324	9	00090713010303	8A244	324	828	268272
325	9	00090713070906	8A8T7	325	14	4550
326	9	00090801010913	922TA	326	495	161370
327	9	00090802050212	9363K	327	988	323076
328	9	00090803070310	9484J	328	212	69536
329	9	00090803100203	94J34	329	929	305641
330	9	00090805020512	9636K	330	560	184800
331	9	00090805081001	969J2	331	787	260497
332	9	00090805091005	96TJ6	332	130	43160
333	9	00090806020813	9739A	333	689	229437
334	9	00090807020705	98386	334	791	264194
335	9	00090807050107	98628	335	619	207365
336	9	00090809011009	9T2JT	336	489	164304
337	9	00090809100904	9TJT5	337	335	112895
338	9	00090809100913	9TJTA	338	738	249444
339	9	00090810040412	9J55K	339	772	261708
340	9	00090810110611	9JQ7Q	340	403	137020
341	9	00090811100411	9QJ5Q	341	768	261888
342	9	00090813031010	9A4JJ	342	168	57456
343	9	00090813041004	9A5J5	343	843	289149
344	9	00090902030509	T346T	344	920	316480
345	9	00090902100903	T3JT4	345	494	170430
346	9	00090906060301	T7742	346	967	334582
347	9	00090907071006	T88J7	347	480	166560
348	9	00090907081010	T89JJ	348	938	326424
349	9	00090907130109	T8A2T	349	65	22685
350	9	00090909030607	TT478	350	138	48300
351	9	00090910100501	TJJ62	351	82	28782
352	9	00090911090104	TQT25	352	85	29920
353	9	00090911130509	TQA6T	353	293	103429
354	9	00090912120701	TKK82	354	658	232932
355	9	00090913021002	TA3J3	355	601	213355
356	9	00090913120413	TAK5A	356	827	294412
357	9	00091001080910	J29TJ	357	147	52479
358	9	00091001091011	J2TJQ	358	84	30072
359	9	00091001131110	J2AQJ	359	100	35900
360	9	00091002130502	J3A63	360	819	294840
361	9	00091003020103	J4324	361	175	63175
362	9	00091003030713	J448A	362	903	326886
363	9	00091003050506	J4667	363	829	300927
364	9	00091003081313	J49AA	364	709	258076
365	9	00091003131306	J4AA7	365	996	363540
366	9	00091004080104	J5925	366	650	237900
367	9	00091006050512	J766K	367	887	325529
368	9	00091006121313	J7KAA	368	394	144992
369	9	00091007050508	J8669	369	504	185976
370	9	00091007050712	J868K	370	804	297480
371	9	00091007080711	J898Q	371	26	9646
372	9	00091009021007	JT3J8	372	692	257424
373	9	00091009060406	JT757	373	596	222308
374	9	00091010020113	JJ32A	374	222	83028
375	9	00091010110102	JJQ23	375	651	244125
376	9	00091011050310	JQ64J	376	806	303056
377	9	00091011071102	JQ8Q3	377	78	29406
378	9	00091011080111	JQ92Q	378	152	57456
379	9	00091011120111	JQK2Q	379	546	206934
380	9	00091012070202	JK833	380	600	228000
381	9	00091012120602	JKK73	381	855	325755
382	9	00091013041104	JA5Q5	382	986	376652
383	9	00091013070703	JA884	383	411	157413
384	9	00091101021302	Q23A3	384	27	10368
385	9	00091101110904	Q2QT5	385	24	9240
386	9	00091102020608	Q3379	386	113	43618
387	9	00091103101112	Q4JQK	387	123	47601
388	9	00091104120101	Q5K22	388	20	7760
389	9	00091104131308	Q5AA9	389	428	166492
390	9	00091105050310	Q664J	390	17	6630
391	9	00091107030511	Q846Q	391	441	172431
392	9	00091107081313	Q89AA	392	105	41160
393	9	00091108031308	Q94A9	393	210	82530
394	9	00091108051010	Q96JJ	394	12	4728
395	9	00091110050211	QJ63Q	395	895	353525
396	9	00091110061101	QJ7Q2	396	789	312444
397	9	00091111021206	QQ3K7	397	742	294574
398	9	00091112090902	QKTT3	398	718	285764
399	9	00091113020511	QA36Q	399	502	200298
400	9	00091113041105	QA5Q6	400	429	171600
401	9	00091202120801	K3K92	401	457	183257
402	9	00091203030406	K4457	402	924	371448
403	9	00091203100808	K4J99	403	63	25389
404	9	00091204051313	K56AA	404	323	130492
405	9	00091207040703	K8584	405	803	325215
406	9	00091209050612	KT67K	406	989	401534
407	9	00091209080612	KT97K	407	708	288156
408	9	00091209120804	KTK95	408	307	125256
409	9	00091209121310	KTKAJ	409	220	89980
410	9	00091210011312	KJ2AK	410	493	202130
411	9	00091210080410	KJ95J	411	849	348939
412	9	00091210091206	KJTK7	412	648	266976
413	9	00091212060105	KK726	413	839	346507
414	9	00091212090601	KKT72	414	890	368460
415	9	00091213011001	KA2J2	415	534	221610
416	9	00091213060601	KA772	416	701	291616
417	9	00091213130910	KAATJ	417	118	49206
418	9	00091301020209	A233T	418	633	264594
419	9	00091301060806	A2797	419	383	160477
420	9	00091302021211	A33KQ	420	119	49980
421	9	00091303030401	A4452	421	420	176820
422	9	00091303101305	A4JA6	422	460	194120
423	9	00091303130712	A4A8K	423	83	35109
424	9	00091304090412	A5T5K	424	6	2544
425	9	00091307071008	A88J9	425	552	234600
426	9	00091307101309	A8JAT	426	456	194256
427	9	00091308110801	A9Q92	427	697	297619
428	9	00091310100805	AJJ96	428	398	170344
429	9	00091310130301	AJA42	429	980	420420
430	9	00091312030703	AK484	430	953	409790
431	9	00091312060512	AK76K	431	255	109905
432	9	00091313040207	AA538	432	252	108864
433	9	00091313100507	AAJ68	433	379	164107
434	13	00130101020303	22344	434	201	87234
435	13	00130101060608	22779	435	913	397155
436	13	00130101070207	22838	436	638	278168
437	13	00130101070703	22884	437	316	138092
438	13	00130101131308	22AA9	438	959	420042
439	13	00130102010606	23277	439	733	321787
440	13	00130104090401	25T52	440	450	198000
441	13	00130105010508	26269	441	902	397782
442	13	00130106010506	27267	442	644	284648
443	13	00130107050701	28682	443	332	147076
444	13	00130108110801	29Q92	444	788	349872
445	13	00130109090606	2TT77	445	464	206480
446	13	00130110010202	2J233	446	430	191780
447	13	00130110041001	2J5J2	447	964	430908
448	13	00130110070710	2J88J	448	275	123200
449	13	00130111121101	2QKQ2	449	108	48492
450	13	00130113110113	2AQ2A	450	628	282600
451	13	00130201010206	32237	451	164	73964
452	13	00130201020109	3232T	452	912	412224
453	13	00130202060808	33799	453	71	32163
454	13	00130202121312	33KAK	454	645	292830
455	13	00130203020312	3434K	455	216	98280
456	13	00130208021008	393J9	456	74	33744
457	13	00130213020813	3A39A	457	587	268259
458	13	00130213070702	3A883	458	346	158468
459	13	00130213101302	3AJA3	459	687	315333
460	13	00130303010108	44229	460	848	390080
461	13	00130303100606	44J77	461	38	17518
462	13	00130303110909	44QTT	462	73	33726
463	13	00130305031105	464Q6	463	268	124084
464	13	00130307020203	48334	464	748	347072
465	13	00130307031007	484J8	465	750	348750
466	13	00130308070807	49898	466	746	347636
467	13	00130309030809	4T49T	467	756	353052
468	13	00130311030211	4Q43Q	468	48	22464
469	13	00130312120310	4KK4J	469	96	45024
470	13	00130313130603	4AA74	470	860	404200
471	13	00130313131103	4AAQ4	471	532	250572
472	13	00130401030403	52454	472	211	99592
473	13	00130401050504	52665	473	798	377454
474	13	00130403121204	54KK5	474	621	294354
475	13	00130404060608	55779	475	302	143450
476	13	00130404070710	5588J	476	632	300832
477	13	00130404091009	55TJT	477	985	469845
478	13	00130405090905	56TT6	478	478	228484
479	13	00130406101006	57JJ7	479	721	345359
480	13	00130406130604	57A75	480	194	93120
481	13	00130407071304	588A5	481	483	232323
482	13	00130408121204	59KK5	482	817	393794
483	13	00130409090808	5TT99	483	337	162771
484	13	00130411110707	5QQ88	484	956	462704
485	13	00130412101204	5KJK5	485	226	109610
486	13	00130502051002	636J3	486	47	22842
487	13	00130502110502	63Q63	487	909	442683
488	13	00130504040507	65568	488	238	116144
489	13	00130504120412	65K5K	489	734	358926
490	13	00130505010701	66282	490	272	133280
491	13	00130505030312	6644K	491	485	238135
492	13	00130505080909	669TT	492	208	102336
493	13	00130505090906	66TT7	493	634	312562
494	13	00130505111011	66QJQ	494	547	270218
495	13	00130506130613	67A7A	495	978	484110
496	13	00130507100507	68J68	496	151	74896
497	13	00130508080502	69963	497	86	42742
498	13	00130510070510	6J86J	498	472	235056
499	13	00130511110501	6QQ62	499	656	327344
500	13	00130511120511	6QK6Q	500	284	142000
501	13	00130513090913	6ATTA	501	279	139779
502	13	00130602060505	73766	502	799	401098
503	13	00130604010604	75275	503	304	152912
504	13	00130605100506	76J67	504	95	47880
505	13	00130606031313	774AA	505	388	195940
506	13	00130606050305	77646	506	155	78430
507	13	00130606100707	77J88	507	29	14703
508	13	00130608080306	79947	508	869	441452
509	13	00130611110806	7QQ97	509	910	463190
510	13	00130612061213	7K7KA	510	4	2040
511	13	00130612120404	7KK55	511	582	297402
512	13	00130613060413	7A75A	512	192	98304
513	13	00130701070106	82827	513	139	71307
514	13	00130701100107	82J28	514	710	364940
515	13	00130702090207	83T38	515	987	508305
516	13	00130703130703	84A84	516	946	488136
517	13	00130704070411	8585Q	517	916	473572
518	13	00130705071212	868KK	518	325	168350
519	13	00130705090507	86T68	519	77	39963
520	13	00130706060711	8778Q	520	244	126880
521	13	00130706060713	8778A	521	280	145880
522	13	00130707041212	885KK	522	115	60030
523	13	00130708040804	89595	523	334	174682
524	13	00130708081007	899J8	524	467	244708
525	13	00130708081111	899QQ	525	531	278775
526	13	00130711071112	8Q8QK	526	878	461828
527	13	00130801011111	922QQ	527	324	170748
528	13	00130801050108	92629	528	893	471504
529	13	00130802020505	93366	529	326	172454
530	13	00130803020308	94349	530	54	28620
531	13	00130803030508	94469	531	859	456129
532	13	00130804020804	95395	532	891	474012
533	13	00130804041111	955QQ	533	206	109798
534	13	00130804041308	955A9	534	851	454434
535	13	00130805050408	96659	535	162	86670
536	13	00130805050803	96694	536	402	215472
537	13	00130805081005	969J6	537	970	520890
538	13	00130806020806	97397	538	121	65098
539	13	00130807080303	98944	539	375	202125
540	13	00130808010110	9922J	540	808	436320
541	13	00130808040104	99525	541	779	421439
542	13	00130808061006	997J7	542	727	394034
543	13	00130808070202	99833	543	881	478383
544	13	00130808120909	99KTT	544	736	400384
545	13	00130810080909	9J9TT	545	729	397305
546	13	00130812080612	9K97K	546	605	330330
547	13	00130813090809	9AT9T	547	392	214424
548	13	00130901020109	T232T	548	53	29044
549	13	00130901110111	T2Q2Q	549	153	83997
550	13	00130904091010	T5TJJ	550	944	519200
551	13	00130905090510	T6T6J	551	465	256215
552	13	00130909031003	TT4J4	552	198	109296
553	13	00130909110606	TTQ77	553	256	141568
554	13	00130910121210	TJKKJ	554	579	320766
555	13	00130911010911	TQ2TQ	555	960	532800
556	13	00130913090505	TAT66	556	251	139556
557	13	00131001030301	J2442	557	575	320275
558	13	00131003030404	J4455	558	850	474300
559	13	00131004020402	J5353	559	836	467324
560	13	00131004041310	J55AJ	560	363	203280
561	13	00131005050404	J6655	561	399	223839
562	13	00131005051012	J66JK	562	667	374854
563	13	00131006061001	J77J2	563	686	386218
564	13	00131006061008	J77J9	564	448	252672
565	13	00131006081008	J79J9	565	966	545790
566	13	00131007081007	J89J8	566	451	255266
567	13	00131010080801	JJ992	567	185	104895
568	13	00131010131306	JJAA7	568	654	371472
569	13	00131011111212	JQQKK	569	715	406835
570	13	00131011121110	JQKQJ	570	976	556320
571	13	00131012071207	JK8K8	571	527	300917
572	13	00131101040411	Q255Q	572	259	148148
573	13	00131101050105	Q2626	573	554	317442
574	13	00131101111001	Q2QJ2	574	796	456904
575	13	00131102010201	Q3232	575	941	541075
576	13	00131102040411	Q355Q	576	69	39744
577	13	00131102110902	Q3QT3	577	11	6347
578	13	00131102111313	Q3QAA	578	999	577422
579	13	00131102130211	Q3A3Q	579	373	215967
580	13	00131103031011	Q44JQ	580	894	518520
581	13	00131103031109	Q44QT	581	102	59262
582	13	00131103120312	Q4K4K	582	826	480732
583	13	00131104110904	Q5QT5	583	169	98527
584	13	00131105040504	Q6565	584	943	550712
585	13	00131105050911	Q66TQ	585	37	21645
586	13	00131105060506	Q6767	586	838	491068
587	13	00131106061313	Q77AA	587	995	584065
588	13	00131107020711	Q838Q	588	631	371028
589	13	00131108131311	Q9AAQ	589	617	363413
590	13	00131109021109	QT3QT	590	622	366980
591	13	00131109031109	QT4QT	591	586	346326
592	13	00131110091110	QJTQJ	592	446	264032
593	13	00131111010606	QQ277	593	739	438227
594	13	00131111050507	QQ668	594	841	499554
595	13	00131111060707	QQ788	595	870	517650
596	13	00131111080508	QQ969	596	93	55428
597	13	00131111100707	QQJ88	597	257	153429
598	13	00131203031208	K44K9	598	18	10764
599	13	00131203130313	K4A4A	599	958	573842
600	13	00131204030304	K5445	600	261	156600
601	13	00131204050504	K5665	601	8	4808
602	13	00131205021205	K63K6	602	397	238994
603	13	00131205131213	K6AKA	603	712	429336
604	13	00131207010107	K8228	604	449	271196
605	13	00131208070812	K989K	605	345	208725
606	13	00131209120509	KTK6T	606	760	460560
607	13	00131210021202	KJ3K3	607	977	593039
608	13	00131212020802	KK393	608	190	115520
609	13	00131212090906	KKTT7	609	758	461622
610	13	00131213081208	KA9K9	610	497	303170
611	13	00131213120213	KAK3A	611	273	166803
612	13	00131301130105	A2A26	612	315	192780
613	13	00131301130601	A2A72	613	951	582963
614	13	00131302020913	A33TA	614	406	249284
615	13	00131304130909	A5ATT	615	670	412050
616	13	00131304131204	A5AK5	616	539	332024
617	13	00131306130601	A7A72	617	714	440538
618	13	00131307020213	A833A	618	309	190962
619	13	00131307031307	A84A8	619	610	377590
620	13	00131307130909	A8ATT	620	514	318680
621	13	00131311130202	AQA33	621	44	27324
622	13	00131313070711	AA88Q	622	338	210236
623	13	00131313090809	AAT9T	623	809	504007
624	13	00131313100404	AAJ55	624	2	1248
625	13	00131313101111	AAJQQ	625	666	416250
626	13	00131313121012	AAKJK	626	597	373722
627	13	00131313121208	AAKK9	627	481	301587
628	38	00380101120113	22K2A	628	426	267528
629	38	00380102010301	23242	629	751	472379
630	38	00380103030703	24484	630	278	175140
631	38	00380104100101	25J22	631	233	147023
632	38	00380105010102	26223	632	677	427864
633	38	00380108080807	29998	633	197	124701
634	38	00380108080812	2999K	634	484	306856
635	38	00380109040101	2T522	635	563	357505
636	38	00380110070101	2J822	636	663	421668
637	38	00380111010110	2Q22J	637	542	345254
638	38	00380111111107	2QQQ8	638	548	349624
639	38	00380112010601	2K272	639	717	458163
640	38	00380113011001	2A2J2	640	314	200960
641	38	00380201010901	322T2	641	340	217940
642	38	00380202020812	3339K	642	490	314580
643	38	00380202021008	333J9	643	871	560053
644	38	00380202021207	333K8	644	199	128156
645	38	00380202070210	3383J	645	726	468270
646	38	00380203060303	34744	646	931	601426
647	38	00380205040505	36566	647	774	500778
648	38	00380205051005	366J6	648	1000	648000
649	38	00380207050505	38666	649	867	562683
650	38	00380208010202	39233	650	242	157300
651	38	00380208090202	39T33	651	744	484344
652	38	00380210100610	3JJ7J	652	984	641568
653	38	00380213011313	3A2AA	653	170	111010
654	38	00380303031305	444A6	654	813	531702
655	38	00380303040903	445T4	655	865	566575
656	38	00380303101103	44JQ4	656	72	47232
657	38	00380303110203	44Q34	657	957	628749
658	38	00380303120310	44K4J	658	357	234906
659	38	00380306020606	47377	659	200	131800
660	38	00380309060606	4T777	660	592	390720
661	38	00380401041004	525J5	661	499	329839
662	38	00380402060404	53755	662	982	650084
663	38	00380403100404	54J55	663	500	331500
664	38	00380404041208	555K9	664	477	316728
665	38	00380404090405	55T56	665	235	156275
666	38	00380404101204	55JK5	666	150	99900
667	38	00380405040410	5655J	667	584	389528
668	38	00380408081008	599J9	668	998	666664
669	38	00380408130404	59A55	669	103	68907
670	38	00380412120612	5KK7K	670	116	77720
671	38	00380502070202	63833	671	470	315370
672	38	00380503060505	64766	672	837	562464
673	38	00380505051008	666J9	673	298	200554
674	38	00380505080507	66968	674	757	510218
675	38	00380506020505	67366	675	327	220725
676	38	00380506061306	677A7	676	35	23660
677	38	00380508050513	6966A	677	699	473223
678	38	00380509030909	6T4TT	678	818	554604
679	38	00380511131111	6QAQQ	679	794	539126
680	38	00380512121210	6KKKJ	680	60	40800
681	38	00380601060406	72757	681	471	320751
682	38	00380602060610	7377J	682	856	583792
683	38	00380602060906	737T7	683	458	312814
684	38	00380604030606	75477	684	94	64296
685	38	00380606121006	77KJ7	685	425	291125
686	38	00380607060610	7877J	686	469	321734
687	38	00380609060601	7T772	687	657	451359
688	38	00380609060604	7T775	688	680	467840
689	38	00380609100909	7TJTT	689	207	142623
690	38	00380611060602	7Q773	690	673	464370
691	38	00380611111102	7QQQ3	691	149	102959
692	38	00380613060106	7A727	692	821	568132
693	38	00380701070704	82885	693	820	568260
694	38	00380702020204	83335	694	690	478860
695	38	00380704040410	8555J	695	241	167495
696	38	00380705080808	86999	696	545	379320
697	38	00380707021007	883J8	697	940	655180
698	38	00380707030701	88482	698	877	612146
699	38	00380707040607	88578	699	840	587160
700	38	00380708070712	8988K	700	696	487200
701	38	00380708080608	89979	701	842	590242
702	38	00380710070107	8J828	702	973	683046
703	38	00380710070711	8J88Q	703	498	350094
704	38	00380710131313	8JAAA	704	626	440704
705	38	00380711111102	8QQQ3	705	508	358140
706	38	00380713070702	8A883	706	764	539384
707	38	00380801011301	922A2	707	442	312494
708	38	00380801020808	92399	708	381	269748
709	38	00380801070707	92888	709	296	209864
710	38	00380802040808	93599	710	703	499130
711	38	00380802081008	939J9	711	570	405270
712	38	00380803030304	94445	712	776	552512
713	38	00380803080807	94998	713	33	23529
714	38	00380803090303	94T44	714	805	574770
715	38	00380805020202	96333	715	915	654225
716	38	00380806080810	9799J	716	705	504780
717	38	00380808080104	99925	717	691	495447
718	38	00380808090708	99T89	718	176	126368
719	38	00380810080508	9J969	719	529	380351
720	38	00380810080803	9J994	720	883	635760
721	38	00380811080508	9Q969	721	202	145642
722	38	00380813101313	9AJAA	722	88	63536
723	38	00380901040909	T25TT	723	461	333303
724	38	00380901050505	T2666	724	530	383720
725	38	00380902020302	T3343	725	918	665550
726	38	00380904040411	T555Q	726	558	405108
727	38	00380904040604	T5575	727	541	393307
728	38	00380904100404	T5J55	728	49	35672
729	38	00380905050507	T6668	729	445	324405
730	38	00380906060612	T777K	730	921	672330
731	38	00380908010808	T9299	731	914	668134
732	38	00380908050909	T96TT	732	725	530700
733	38	00380909080609	TT97T	733	32	23456
734	38	00380909090310	TTT4J	734	389	285526
735	38	00380909090604	TTT75	735	443	325605
736	38	00380909091202	TTTK3	736	90	66240
737	38	00380909111009	TTQJT	737	515	379555
738	38	00380910070707	TJ888	738	525	387450
739	38	00380910090907	TJTT8	739	58	42862
740	38	00380912111111	TKQQQ	740	716	529840
741	38	00381001010106	J2227	741	863	639483
742	38	00381002020402	J3353	742	178	132076
743	38	00381003030309	J444T	743	401	297943
744	38	00381005050605	J6676	744	289	215016
745	38	00381005090505	J6T66	745	364	271180
746	38	00381006110606	J7Q77	746	260	193960
747	38	00381007070713	J888A	747	89	66483
748	38	00381010040510	JJ56J	748	948	709104
749	38	00381011111109	JQQQT	749	965	722785
750	38	00381011121111	JQKQQ	750	299	224250
751	38	00381012101006	JKJJ7	751	636	477636
752	38	00381013090909	JATTT	752	391	294032
753	38	00381013130613	JAA7A	753	528	397584
754	38	00381101080101	Q2922	754	773	582842
755	38	00381102020302	Q3343	755	99	74745
756	38	00381102021002	Q33J3	756	205	154980
757	38	00381104040402	Q5553	757	564	426948
758	38	00381104110211	Q5Q3Q	758	264	200112
759	38	00381106040404	Q7555	759	899	682341
760	38	00381106111110	Q7QQJ	760	23	17480
761	38	00381108111311	Q9QAQ	761	491	373651
762	38	00381109070707	QT888	762	501	381762
763	38	00381109110511	QTQ6Q	763	204	155652
764	38	00381111050311	QQ64Q	764	40	30560
765	38	00381111110601	QQQ72	765	165	126225
766	38	00381113121313	QAKAA	766	228	174648
767	38	00381201010108	K2229	767	285	218595
768	38	00381202020211	K333Q	768	681	523008
769	38	00381206101212	K7JKK	769	262	201478
770	38	00381206120312	K7K4K	770	961	739970
771	38	00381207070703	K8884	771	34	26214
772	38	00381208040808	K9599	772	174	134328
773	38	00381209091109	KTTQT	773	949	733577
774	38	00381209121204	KTKK5	774	140	108360
775	38	00381210111212	KJQKK	775	57	44175
776	38	00381212021213	KK3KA	776	620	481120
777	38	00381212051213	KK6KA	777	568	441336
778	38	00381212101201	KKJK2	778	64	49792
779	38	00381212101209	KKJKT	779	339	264081
780	38	00381212111204	KKQK5	780	599	467220
781	38	00381212120509	KKK6T	781	682	532642
782	38	00381301071313	A28AA	782	137	107134
783	38	00381301131113	A2AQA	783	267	209061
784	38	00381301131304	A2AA5	784	549	430416
785	38	00381302020210	A333J	785	463	363455
786	38	00381302111111	A3QQQ	786	885	695610
787	38	00381303030310	A444J	787	950	747650
788	38	00381303130913	A4ATA	788	971	765148
789	38	00381305051005	A66J6	789	213	168057
790	38	00381308081008	A99J9	790	771	609090
791	38	00381309131307	ATAA8	791	120	94920
792	38	00381310111111	AJQQQ	792	533	422136
793	38	00381311111103	AQQQ4	793	766	607438
794	38	00381313030713	AA48A	794	56	44464
795	38	00381313130105	AAA26	795	598	475410
796	38	00381313130412	AAA5K	796	466	370936
797	42	00420101090109	22T2T	797	97	77309
798	42	00420103010303	24244	798	992	791616
799	42	00420104040101	25522	799	770	615230
800	42	00420107010701	28282	800	31	24800
801	42	00420108080101	29922	801	412	330012
802	42	00420110100101	2JJ22	802	932	747464
803	42	00420113011301	2A2A2	803	171	137313
804	42	00420202021010	333JJ	804	997	801588
805	42	00420202021313	333AA	805	167	134435
806	42	00420202050205	33636	806	310	249860
807	42	00420202070707	33888	807	311	250977
808	42	00420202080208	33939	808	822	664176
809	42	00420202090909	33TTT	809	353	285577
810	42	00420202110211	33Q3Q	810	641	519210
811	42	00420203030202	34433	811	39	31629
812	42	00420204020402	35353	812	618	501816
813	42	00420205050502	36663	813	815	662595
814	42	00420208020808	39399	814	928	755392
815	42	00420303030202	44433	815	922	751430
816	42	00420303030606	44477	816	559	456144
817	42	00420303070707	44888	817	898	733666
818	42	00420303080803	44994	818	567	463806
819	42	00420304040303	45544	819	282	230958
820	42	00420305030305	46446	820	802	657640
821	42	00420310030310	4J44J	821	245	201145
822	42	00420311031103	4Q4Q4	822	126	103572
823	42	00420312030312	4K44K	823	424	348952
824	42	00420313030313	4A44A	824	685	564440
825	42	00420313130313	4AA4A	825	578	476850
826	42	00420403040403	54554	826	440	363440
827	42	00420404020402	55353	827	981	811287
828	42	00420404040606	55577	828	182	150696
829	42	00420404040909	555TT	829	968	802472
830	42	00420404121204	55KK5	830	590	489700
831	42	00420407070407	58858	831	555	461205
832	42	00420409040909	5T5TT	832	979	814528
833	42	00420410041004	5J5J5	833	785	653905
834	42	00420411041111	5Q5QQ	834	858	715572
835	42	00420413130404	5AA55	835	312	260520
836	42	00420501050101	62622	836	784	655424
837	42	00420503030505	64466	837	942	788454
838	42	00420504040405	65556	838	835	699730
839	42	00420505010105	66226	839	543	455577
840	42	00420505080805	66996	840	13	10920
841	42	00420509090905	6TTT6	841	642	539922
842	42	00420510050510	6J66J	842	114	95988
843	42	00420512120505	6KK66	843	362	305166
844	42	00420601060106	72727	844	538	454072
845	42	00420603060603	74774	845	79	66755
846	42	00420604040606	75577	846	488	412848
847	42	00420605060506	76767	847	173	146531
848	42	00420606080608	77979	848	524	444352
849	42	00420606131313	77AAA	849	969	822681
850	42	00420611110606	7QQ77	850	177	150450
851	42	00420705050707	86688	851	623	530173
852	42	00420706060607	87778	852	695	592140
853	42	00420707070606	88877	853	322	274666
854	42	00420707090709	88T8T	854	679	579866
855	42	00420707100710	88J8J	855	297	253935
856	42	00420707111111	88QQQ	856	866	741296
857	42	00420707130713	88A8A	857	629	539053
858	42	00420708080807	89998	858	321	275418
859	42	00420711071107	8Q8Q8	859	243	208737
860	42	00420804040804	95595	860	333	286380
861	42	00420807070708	98889	861	834	718074
862	42	00420808010108	99229	862	395	340490
863	42	00420808050508	99669	863	336	289968
864	42	00420808081212	999KK	864	413	356832
865	42	00420810080810	9J99J	865	303	262095
866	42	00420813080813	9A99A	866	720	623520
867	42	00420903030903	T44T4	867	557	482919
868	42	00420903090309	T4T4T	868	507	440076
869	42	00420905050509	T666T	869	52	45188
870	42	00420906060906	T77T7	870	55	47850
871	42	00420908090808	T9T99	871	684	595764
872	42	00420909080908	TT9T9	872	196	170912
873	42	00420910090910	TJTTJ	873	609	531657
874	42	00420911110909	TQQTT	874	518	452732
875	42	00421002101002	J3JJ3	875	66	57750
876	42	00421005101005	J6JJ6	876	247	216372
877	42	00421006060610	J777J	877	67	58759
878	42	00421006061010	J77JJ	878	30	26340
879	42	00421010121212	JJKKK	879	937	823623
880	42	00421013101310	JAJAJ	880	562	494560
881	42	00421013101313	JAJAA	881	407	358567
882	42	00421109111109	QTQQT	882	930	820260
883	42	00421111010111	QQ22Q	883	91	80353
884	42	00421111020211	QQ33Q	884	778	687752
885	42	00421111031103	QQ4Q4	885	857	758445
886	42	00421111101110	QQJQJ	886	131	116066
887	42	00421201011201	K22K2	887	318	282066
888	42	00421202021202	K33K3	888	387	343656
889	42	00421207120712	K8K8K	889	61	54229
890	42	00421209120912	KTKTK	890	810	720900
891	42	00421211121112	KQKQK	891	845	752895
892	42	00421212050512	KK66K	892	189	168588
893	42	00421212090909	KKTTT	893	832	742976
894	42	00421212120101	KKK22	894	432	386208
895	42	00421212120404	KKK55	895	665	595175
896	42	00421212121313	KKKAA	896	473	423808
897	42	00421305130505	A6A66	897	569	510393
898	42	00421305130513	A6A6A	898	125	112250
899	42	00421307130713	A8A8A	899	342	307458
900	42	00421308131308	A9AA9	900	676	608400
901	42	00421313010113	AA22A	901	955	860455
902	42	00421313020213	AA33A	902	195	175890
903	42	00421313090909	AATTT	903	603	544509
904	42	00421313090913	AATTA	904	28	25312
905	217	02170101010102	22223	905	227	205435
906	217	02170101010107	22228	906	492	445752
907	217	02170101011201	222K2	907	3	2721
908	217	02170101040101	22522	908	249	226092
909	217	02170101080101	22922	909	755	686295
910	217	02170101130101	22A22	910	416	378560
911	217	02170102020202	23333	911	475	432725
912	217	02170109090909	2TTTT	912	265	241680
913	217	02170111010101	2Q222	913	104	94952
914	217	02170113131313	2AAAA	914	19	17366
915	217	02170202020203	33334	915	351	321165
916	217	02170202021002	333J3	916	672	615552
917	217	02170202060202	33733	917	313	287021
918	217	02170206060606	37777	918	159	145962
919	217	02170301010101	42222	919	722	663518
920	217	02170303030301	44442	920	566	520720
921	217	02170303031203	444K4	921	962	886002
922	217	02170303080303	44944	922	660	608520
923	217	02170305050505	46666	923	276	254748
924	217	02170312121212	4KKKK	924	144	133056
925	217	02170404040304	55545	925	143	132275
926	217	02170404040504	55565	926	283	262058
927	217	02170404040704	55585	927	936	867672
928	217	02170404080404	55955	928	422	391616
929	217	02170404100404	55J55	929	141	130989
930	217	02170407070707	58888	930	875	813750
931	217	02170409040404	5T555	931	512	476672
932	217	02170413040404	5A555	932	439	409148
933	217	02170501010101	62222	933	188	175404
934	217	02170502020202	63333	934	231	215754
935	217	02170505050105	66626	935	900	841500
936	217	02170505050507	66668	936	919	860184
937	217	02170505050513	6666A	937	476	446012
938	217	02170506050505	67666	938	51	47838
939	217	02170506060606	67777	939	437	410343
940	217	02170509050505	6T666	940	9	8460
941	217	02170601060606	72777	941	519	488379
942	217	02170603030303	74444	942	683	643386
943	217	02170604040404	75555	943	613	578059
944	217	02170606060306	77747	944	553	522032
945	217	02170606060406	77757	945	415	392175
946	217	02170606060610	7777J	946	404	382184
947	217	02170606060612	7777K	947	254	240538
948	217	02170606060613	7777A	948	135	127980
949	217	02170606060906	777T7	949	136	129064
950	217	02170607060606	78777	950	719	683050
951	217	02170607070707	78888	951	290	275790
952	217	02170608060606	79777	952	122	116144
953	217	02170707020707	88388	953	782	745246
954	217	02170707070703	88884	954	385	367290
955	217	02170707071007	888J8	955	101	96455
956	217	02170707071307	888A8	956	933	891948
957	217	02170802020202	93333	957	408	390456
958	217	02170806080808	97999	958	604	578632
959	217	02170808020808	99399	959	790	757610
960	217	02170808080108	99929	960	864	829440
961	217	02170808080408	99959	961	146	140306
962	217	02170808080508	99969	962	163	156806
963	217	02170808080809	9999T	963	761	732843
964	217	02170903030303	T4444	964	595	573580
965	217	02170907070707	T8888	965	608	586720
966	217	02170909060909	TT7TT	966	110	106260
967	217	02170909090911	TTTTQ	967	384	371328
968	217	02171001010101	J2222	968	187	181016
969	217	02171003030303	J4444	969	444	430236
970	217	02171005050505	J6666	970	239	231830
971	217	02171008080808	J9999	971	400	388400
972	217	02171009090909	JTTTT	972	305	296460
973	217	02171010071010	JJ8JJ	973	359	349307
974	217	02171104111111	Q5QQQ	974	585	569790
975	217	02171105050505	Q6666	975	372	362700
976	217	02171105111111	Q6QQQ	976	133	129808
977	217	02171107070707	Q8888	977	274	267698
978	217	02171108080808	Q9999	978	179	175062
979	217	02171111011111	QQ2QQ	979	844	826276
980	217	02171111021111	QQ3QQ	980	117	114660
981	217	02171111110711	QQQ8Q	981	711	697491
982	217	02171111111011	QQQJQ	982	831	816042
983	217	02171112121212	QKKKK	983	747	734301
984	217	02171113111111	QAQQQ	984	556	547104
985	217	02171206121212	K7KKK	985	906	892410
986	217	02171207070707	K8888	986	7	6902
987	217	02171208080808	K9999	987	112	110544
988	217	02171212021212	KK3KK	988	577	570076
989	217	02171212071212	KK8KK	989	572	565708
990	217	02171212091212	KKTKK	990	166	164340
991	217	02171212121012	KKKJK	991	183	181353
992	217	02171212121205	KKKK6	992	574	569408
993	217	02171213131313	KAAAA	993	731	725883
994	217	02171311131313	AQAAA	994	824	819056
995	217	02171312121212	AKKKK	995	70	69650
996	217	02171313041313	AA5AA	996	565	562740
997	217	02171313130913	AAATA	997	704	701888
998	217	02171313131302	AAAA3	998	145	144710
999	217	02171313131310	AAAAJ	999	594	593406
1000	1296	12961010101010	JJJJJ	1000	219	219000
